start,invested,spxl_strategy_final,spxl_bh_final,spy_bh_final,tqqq_strategy_final
2010-02-11,154500,643164.0,444150.0,238746.0,1041873.0
2010-03-11,154500,594841.0,438620.0,238054.0,871095.0
2010-04-12,154500,548492.0,378998.0,226974.0,654513.0
2010-05-11,154000,655719.0,433521.0,235663.0,674662.0
2010-06-11,154500,923302.0,515866.0,248157.0,1012914.0
2010-07-12,154500,1236568.0,540394.0,250573.0,1445782.0
2010-08-11,154500,1024688.0,499654.0,243569.0,1225252.0
2010-09-13,154500,803492.0,509372.0,245239.0,1037672.0
2010-10-11,154500,631470.0,419542.0,230462.0,830895.0
2010-11-11,154500,682852.0,476587.0,241013.0,803088.0
2010-12-13,154500,582764.0,433823.0,233361.0,701675.0
2011-01-11,154000,639533.0,437579.0,233692.0,705981.0
2011-02-11,154500,629196.0,425740.0,232080.0,766931.0
2011-03-11,154500,589257.0,414680.0,229394.0,893031.0
2011-04-11,154500,686266.0,439276.0,233746.0,996787.0
2011-05-11,154500,622284.0,427893.0,231330.0,853380.0
2011-06-13,154500,654415.0,446887.0,233690.0,833599.0
2011-07-11,154500,614666.0,410380.0,227213.0,803481.0
2011-08-11,154500,889817.0,495340.0,237250.0,1107626.0
2011-09-12,154500,617346.0,407534.0,222558.0,787574.0
2011-10-11,154000,732140.0,418209.0,223452.0,764198.0
2011-11-11,154500,653841.0,417318.0,224283.0,834731.0
2011-12-12,154500,568143.0,388813.0,218032.0,847173.0
2012-01-11,154500,375028.0,308547.0,203174.0,541889.0
2012-02-13,154500,330471.0,256691.0,192714.0,357400.0
2012-03-12,154500,533579.0,316360.0,206917.0,536960.0
2012-04-11,154500,455115.0,323317.0,207806.0,478137.0
2012-05-11,154500,416488.0,335439.0,209900.0,381825.0
2012-06-11,154500,540571.0,366670.0,214776.0,512295.0
2012-07-11,154500,566952.0,365856.0,215289.0,615946.0
2012-08-13,154500,533521.0,359609.0,214796.0,673992.0
2012-09-11,154000,376496.0,316589.0,205774.0,513022.0
2012-10-11,154500,404249.0,316864.0,206133.0,597790.0
2012-11-12,154500,368610.0,343746.0,210774.0,478232.0
2012-12-11,154000,540250.0,364359.0,215082.0,563834.0
2013-01-11,154500,507309.0,350297.0,213265.0,624258.0
2013-02-11,154500,551191.0,348638.0,213430.0,700912.0
2013-03-11,154500,626172.0,356829.0,215425.0,887787.0
2013-04-11,154500,570100.0,331508.0,210381.0,882797.0
2013-05-13,154500,805905.0,330854.0,210458.0,1329068.0
2013-06-11,154000,673046.0,344401.0,212600.0,982759.0
2013-07-11,154500,513748.0,325432.0,209294.0,714146.0
2013-08-12,154500,531096.0,323934.0,209034.0,616890.0
2013-09-11,154500,494968.0,336775.0,211731.0,721962.0
2013-10-11,154500,586555.0,356767.0,215686.0,823816.0
2013-11-11,154500,503186.0,345737.0,213817.0,705521.0
2013-12-11,154500,615741.0,369794.0,218523.0,713980.0
2014-01-13,154500,709537.0,408506.0,226129.0,849598.0
2014-02-11,154000,420606.0,329825.0,210589.0,500725.0
2014-03-11,154000,531826.0,377318.0,221045.0,716481.0
2014-04-11,154500,403615.0,325879.0,211372.0,513748.0
2014-05-12,154500,475986.0,334309.0,213981.0,671898.0
2014-06-11,154500,470723.0,339215.0,214976.0,613715.0
2014-07-11,154500,608355.0,327609.0,212547.0,951130.0
2014-08-11,154500,455747.0,351402.0,217411.0,661419.0
2014-09-11,154500,501610.0,353786.0,217888.0,572500.0
2014-10-13,154500,485459.0,331006.0,212619.0,583385.0
2014-11-11,154000,355668.0,295627.0,205629.0,451887.0
2014-12-11,154500,247440.0,248334.0,195200.0,303255.0
2015-01-12,154500,230633.0,231825.0,191995.0,262883.0
2015-02-11,154500,284448.0,254482.0,198076.0,316812.0
2015-03-11,154500,338236.0,277610.0,203796.0,387590.0
2015-04-13,154500,414196.0,304053.0,210309.0,468301.0
2015-05-11,154500,523532.0,290719.0,207285.0,630397.0
2015-06-11,154500,505551.0,286207.0,206358.0,553870.0
2015-07-13,154500,586329.0,324121.0,215021.0,659364.0
2015-08-11,154000,358439.0,290746.0,207170.0,399611.0
2015-09-11,154500,452969.0,338518.0,217325.0,535433.0
2015-10-12,154500,385884.0,311210.0,211784.0,426216.0
2015-11-11,154500,543003.0,331878.0,216427.0,564351.0
2015-12-11,154500,830006.0,360819.0,221803.0,996795.0
2016-01-11,154500,706003.0,427349.0,233363.0,846863.0
2016-02-11,154500,840530.0,492529.0,242744.0,1103914.0
2016-03-11,154500,289681.0,212345.0,189417.0,459814.0
2016-04-11,154500,148251.0,177517.0,191668.0,218472.0
2016-05-11,154500,164436.0,196988.0,199344.0,261446.0
2016-06-13,154500,239426.0,211779.0,205411.0,436718.0
2016-07-11,154500,406016.0,231125.0,211766.0,967094.0
2016-08-11,154500,397785.0,253749.0,218283.0,787810.0
2016-09-12,154500,577702.0,254702.0,218650.0,935017.0
2016-10-11,154000,753069.0,285241.0,226391.0,1085286.0
2016-11-11,154500,525130.0,297881.0,230537.0,818065.0
2016-12-12,154500,400614.0,299566.0,231206.0,625427.0
2017-01-11,154500,394851.0,326189.0,237211.0,636989.0
2017-02-13,154500,499616.0,345726.0,242006.0,1098130.0
2017-03-13,154500,404692.0,334354.0,239379.0,587438.0
2017-04-11,154000,533897.0,380396.0,248838.0,761432.0
2017-05-11,154500,478090.0,374835.0,247502.0,564408.0
2017-06-12,154500,532504.0,389037.0,250213.0,723653.0
2017-07-11,154000,568444.0,417227.0,254883.0,817820.0
2017-08-11,154500,651774.0,431952.0,257612.0,1092164.0
2017-09-11,154500,681314.0,420782.0,254644.0,1492712.0
2017-10-11,154500,614441.0,374090.0,244528.0,1122740.0
2017-11-13,154500,820345.0,451636.0,259729.0,1257497.0
2017-12-11,154500,612691.0,438447.0,256870.0,1035282.0
2018-01-11,154500,484854.0,413395.0,251212.0,641599.0
2018-02-12,154500,394051.0,351100.0,237576.0,447170.0
2018-03-12,154500,281251.0,282508.0,221197.0,289147.0
2018-04-11,154500,376582.0,341475.0,234826.0,456850.0
2018-05-11,154500,211265.0,226148.0,205706.0,205701.0
2018-06-11,154500,215612.0,209646.0,201454.0,202358.0
2018-07-11,154500,192030.0,198683.0,198338.0,171440.0
2018-08-13,154500,306753.0,261999.0,217814.0,327172.0
2018-09-11,154000,235405.0,215397.0,203704.0,222689.0
2018-10-11,154500,140163.0,154544.0,183499.0,133471.0
2018-11-12,154500,283434.0,207227.0,203265.0,307307.0
2018-12-11,154000,265663.0,203472.0,201158.0,265803.0
2019-01-11,154500,389839.0,210809.0,203512.0,285621.0
2019-02-11,154500,239446.0,213740.0,205056.0,212667.0
2019-03-11,154500,147318.0,171312.0,190727.0,123159.0
2019-04-11,154500,203287.0,194210.0,198954.0,178312.0
2019-05-13,154500,140595.0,199862.0,200834.0,131109.0
2019-06-11,154000,207428.0,215904.0,205465.0,218878.0
2019-07-11,154500,226334.0,224102.0,208329.0,232182.0
2019-08-12,154500,236843.0,235606.0,211681.0,196904.0
2019-09-11,154500,234280.0,224638.0,208053.0,230806.0
2019-10-11,154500,215619.0,207784.0,202697.0,227959.0
2019-11-11,154500,210595.0,200234.0,200538.0,249219.0
2019-12-11,154500,225294.0,222513.0,207327.0,237503.0
2020-01-13,154500,305723.0,231452.0,209909.0,456817.0
2020-02-11,154000,347587.0,258460.0,216932.0,416126.0
2020-03-11,154500,705902.0,352389.0,238322.0,671310.0
2020-04-13,154500,623937.0,375273.0,235370.0,578049.0
2020-05-11,154500,640833.0,355685.0,232324.0,555742.0
2020-06-11,154500,663275.0,367296.0,234709.0,592833.0
2020-07-13,154500,378556.0,382486.0,238876.0,313866.0
2020-08-11,154000,334177.0,294261.0,220126.0,225850.0
2020-09-11,154500,300014.0,323345.0,227711.0,215412.0
2020-10-12,154500,336765.0,338530.0,231982.0,246094.0
2020-11-11,154500,413223.0,359785.0,236536.0,348536.0
2020-12-11,154500,391967.0,356443.0,236081.0,344313.0
2021-01-11,154500,347870.0,292786.0,221865.0,319745.0
2021-02-11,154500,335077.0,313678.0,227083.0,310771.0
2021-03-11,154500,268094.0,235831.0,206869.0,289763.0
2021-04-12,154500,172695.0,186880.0,194992.0,175251.0
2021-05-11,154000,221017.0,214796.0,204140.0,223401.0
2021-06-11,154500,266921.0,249796.0,215204.0,271764.0
2021-07-12,154500,363295.0,268172.0,220252.0,388687.0
2021-08-11,154500,359483.0,276273.0,222097.0,412135.0
2021-09-13,154500,398501.0,298874.0,228058.0,425089.0
2021-10-11,154500,485892.0,297512.0,227836.0,477413.0
2021-11-11,154500,517419.0,315624.0,231621.0,509061.0
2021-12-13,154500,410397.0,307684.0,229651.0,424225.0
2022-01-11,154000,456750.0,320009.0,231787.0,488301.0
2022-02-11,154500,443584.0,331237.0,235501.0,490257.0
2022-03-11,154500,433319.0,320133.0,232785.0,504989.0
2022-04-11,154500,393100.0,305105.0,229215.0,471096.0
